#{"t_start": 1704878368.131443, "env_id": "edge_follow-v0"}
r,l,t
-39.179938,200,84.604547
