#{"t_start": 1704878368.10082, "env_id": "edge_follow-v0"}
r,l,t
-46.690479,200,84.587763
