#{"t_start": 1704878368.127269, "env_id": "edge_follow-v0"}
r,l,t
-36.672497,200,84.690495
