#{"t_start": 1704878368.114122, "env_id": "edge_follow-v0"}
r,l,t
-56.256073,200,84.758504
