#{"t_start": 1704878368.112295, "env_id": "edge_follow-v0"}
r,l,t
-42.49684,200,84.768677
