#{"t_start": 1704878368.100116, "env_id": "edge_follow-v0"}
r,l,t
-52.237651,200,84.879906
