#{"t_start": 1704878368.1111932, "env_id": "edge_follow-v0"}
r,l,t
-50.385562,200,84.803848
