#{"t_start": 1704878368.1536582, "env_id": "edge_follow-v0"}
r,l,t
-52.334658,200,84.576102
