#{"t_start": 1704878368.117106, "env_id": "edge_follow-v0"}
r,l,t
-37.72129,200,84.828096
