#{"t_start": 1704878368.1131752, "env_id": "edge_follow-v0"}
r,l,t
-46.488584,200,84.800527
